GHI_1,GHI_2,GHI_3,GHI_4,GHI_5,GHI_6,GHI_7,GHI_8,GHI_9,GHI_10,GHI_11,GHI_12,DNI_1,DNI_2,DNI_3,DNI_4,DNI_5,DNI_6,DNI_7,DNI_8,DNI_9,DNI_10,DNI_11,DNI_12,DIF_1,DIF_2,DIF_3,DIF_4,DIF_5,DIF_6,DIF_7,DIF_8,DIF_9,DIF_10,DIF_11,DIF_12,TMP_1,TMP_2,TMP_3,TMP_4,TMP_5,TMP_6,TMP_7,TMP_8,TMP_9,TMP_10,TMP_11,TMP_12
3.9917808,4.2547946,4.6684933,4.6136985,4.320548,4.0438356,4.342466,4.2547946,4.183562,4.682192,5.0876713,4.6547947,1.7369863,2.0630138,2.950685,3.5589042,3.871233,3.7561643,4.210959,3.079452,2.279452,2.7835617,3.471233,2.7342465,2.8958905,2.950685,2.860274,2.5945206,2.3260274,2.210959,2.2246575,2.5589042,2.8136985,2.9369862,2.8986301,2.939726,9.8,9.6,10.3,9.0,7.1,7.1,6.7,8.0,8.6,10.3,10.8,10.1
