GHI_1,GHI_2,GHI_3,GHI_4,GHI_5,GHI_6,GHI_7,GHI_8,GHI_9,GHI_10,GHI_11,GHI_12,DNI_1,DNI_2,DNI_3,DNI_4,DNI_5,DNI_6,DNI_7,DNI_8,DNI_9,DNI_10,DNI_11,DNI_12,DIF_1,DIF_2,DIF_3,DIF_4,DIF_5,DIF_6,DIF_7,DIF_8,DIF_9,DIF_10,DIF_11,DIF_12,TMP_1,TMP_2,TMP_3,TMP_4,TMP_5,TMP_6,TMP_7,TMP_8,TMP_9,TMP_10,TMP_11,TMP_12
4.531507,5.0356164,5.372603,5.5369864,5.279452,4.816438,5.131507,5.361644,5.263014,5.5068493,5.849315,5.550685,2.4958904,3.3424656,4.389041,5.8547945,6.5945206,6.0356164,6.553425,5.819178,4.372603,4.4027395,5.09863,4.490411,2.958904,2.920548,2.6849315,2.2191782,1.8821918,1.8767123,1.8410959,2.1616437,2.6356165,2.7452054,2.6328766,2.7315068,8.5,8.4,9.1,8.0,6.2,5.9,5.3,6.5,7.3,9.2,9.9,9.0
